nome da imagem,url,autor,licença,data coleta
img_001.jpg,repositorio particular,Homerio Junior,autoral,10/03/2024 06:09:40
img_002.jpg,repositorio particular,Homerio Junior,autoral,18/12/2023 18:00:55
img_003.jpg,repositorio particular,Homerio Junior,autoral,08/07/2026 17:52:50
img_004.jpg,repositorio particular,Homerio Junior,autoral,28/01/2024 07:14:26
img_005.jpg,repositorio particular,Homerio Junior,autoral,28/01/2024 07:15:03
img_006.jpg,repositorio particular,Homerio Junior,autoral,15/06/2024 15:26:09
img_007.jpg,repositorio particular,Homerio Junior,autoral,15/06/2024 15:26:09
img_008.jpg,repositorio particular,Homerio Junior,autoral,15/06/2024 15:26:09
img_009.jpg,repositorio particular,Homerio Junior,autoral,15/06/2024 15:26:09
img_010.jpg,repositorio particular,Homerio Junior,autoral,15/06/2024 15:26:14
img_011.jpg,repositorio particular,Homerio Junior,autoral,15/06/2024 15:27:38
img_012.jpg,repositorio particular,Homerio Junior,autoral,15/06/2024 15:27:40
img_013.jpg,repositorio particular,Homerio Junior,autoral,15/06/2024 15:27:48
img_014.jpg,repositorio particular,Homerio Junior,autoral,15/06/2024 15:27:48
img_015.jpg,repositorio particular,Homerio Junior,autoral,15/06/2024 15:27:50
img_016.jpg,repositorio particular,Homerio Junior,autoral,15/06/2024 15:27:50
img_017.jpg,repositorio particular,Homerio Junior,autoral,15/06/2024 15:27:53
img_018.jpg,repositorio particular,Homerio Junior,autoral,15/06/2024 15:30:29
img_019.jpg,repositorio particular,Homerio Junior,autoral,15/06/2024 15:30:33
img_020.jpg,repositorio particular,Homerio Junior,autoral,15/06/2024 15:33:42
img_021.jpg,repositorio particular,Homerio Junior,autoral,15/06/2024 15:33:42
img_022.jpg,repositorio particular,Homerio Junior,autoral,15/06/2024 15:33:49
img_023.jpg,repositorio particular,Homerio Junior,autoral,15/06/2024 15:55:39
img_024.jpg,repositorio particular,Homerio Junior,autoral,15/06/2024 15:58:28
img_025.jpg,repositorio particular,Homerio Junior,autoral,15/06/2024 16:00:03
img_026.jpg,repositorio particular,Homerio Junior,autoral,15/06/2024 16:07:43
img_027.jpg,repositorio particular,Homerio Junior,autoral,15/06/2024 16:10:05
img_028.jpg,repositorio particular,Homerio Junior,autoral,15/06/2024 16:13:36
img_029.jpg,repositorio particular,Homerio Junior,autoral,15/06/2024 16:16:23
img_030.jpg,repositorio particular,Homerio Junior,autoral,15/06/2024 16:19:40
img_031.jpg,repositorio particular,Homerio Junior,autoral,10/09/2024 07:53:08
img_032.jpg,repositorio particular,Homerio Junior,autoral,18/09/2024 12:18:31
img_033.jpg,repositorio particular,Homerio Junior,autoral,18/09/2024 12:18:31
img_034.jpg,repositorio particular,Homerio Junior,autoral,18/09/2024 12:18:31
img_035.jpg,repositorio particular,Homerio Junior,autoral,18/09/2024 12:18:35
img_036.jpg,repositorio particular,Homerio Junior,autoral,18/09/2024 12:18:52
img_037.jpg,repositorio particular,Homerio Junior,autoral,18/09/2024 12:19:08
img_038.jpg,repositorio particular,Homerio Junior,autoral,20/08/2022 16:51:04
img_039.jpg,repositorio particular,Homerio Junior,autoral,22/10/2022 15:12:27
img_040.jpg,repositorio particular,Homerio Junior,autoral,25/02/2023 09:38:24
